CN code,BM_Real,Route_Real,BM_Default,Route_Default,Route
26011200,0.086,,0.086,,
72011011,1.089,,1.21,,
72011019,1.089,,1.21,,
72011030,1.089,,1.21,,
72011090,1.089,,1.21,,
72012000,1.089,,1.21,,
72015010,1.089,,1.21,,
72015090,1.089,,1.21,,
72021120,1.361,-1,1.361,-1,-1
72021120,1.277,-2,1.277,-2,-2
72021180,1.361,-1,1.361,-1,-1
72021180,1.277,-2,1.277,-2,-2
72021900,1.361,-1,1.361,-1,-1
72021900,1.277,-2,1.277,-2,-2
72024110,1.142,-1,1.142,-1,-1
72024110,1.106,-2,1.106,-2,-2
72024190,1.142,-1,1.142,-1,-1
72024190,1.106,-2,1.106,-2,-2
72024910,1.142,-1,1.142,-1,-1
72024910,1.106,-2,1.106,-2,-2
72024950,1.142,-1,1.142,-1,-1
72024950,1.106,-2,1.106,-2,-2
72024990,1.142,-1,1.142,-1,-1
72024990,1.106,-2,1.106,-2,-2
72026000,2.39,-1,2.39,-1,-1
72026000,2.295,-2,2.295,-2,-2
72031000,0.295,,0.397,,
72039000,0.295,,0.397,,
72051000,0.0,,1.288,(C),(C)
72051000,,,0.424,(D),(D)
72051000,,,0.027,(E),(E)
72052100,0.0,,1.46,(F)(1),(F)(1)
72052100,,,0.659,(G)(1),(G)(1)
72052100,,,0.328,(H)(1),(H)(1)
72052100,,,0.852,(J)(1),(J)(1)
72052100,,,1.298,(F)(2),(F)(2)
72052100,,,0.647,(G)(2),(G)(2)
72052100,,,0.315,(H)(2),(H)(2)
72052100,,,0.82,(J)(2),(J)(2)
72052900,0.0,,1.288,(C),(C)
72052900,,,0.424,(D),(D)
72052900,,,0.027,(E),(E)
72061000,0.15,(C),1.288,(C),(C)
72061000,0.027,(D),0.424,(D),(D)
72061000,0.027,(E),0.027,(E),(E)
72069000,0.15,(C),1.288,(C),(C)
72069000,0.027,(D),0.424,(D),(D)
72069000,0.027,(E),0.027,(E),(E)
72071111,0.188,(C),1.364,(C),(C)
72071111,0.065,(D),0.475,(D),(D)
72071111,0.065,(E),0.066,(E),(E)
72071114,0.188,(C),1.364,(C),(C)
72071114,0.065,(D),0.475,(D),(D)
72071114,0.065,(E),0.066,(E),(E)
72071116,0.188,(C),1.364,(C),(C)
72071116,0.065,(D),0.475,(D),(D)
72071116,0.065,(E),0.066,(E),(E)
72071190,0.453,(C),1.629,(C),(C)
72071190,0.33,(D),0.74,(D),(D)
72071190,0.33,(E),0.331,(E),(E)
72071210,0.188,(C),1.364,(C),(C)
72071210,0.065,(D),0.475,(D),(D)
72071210,0.065,(E),0.066,(E),(E)
72071290,0.453,(C),1.629,(C),(C)
72071290,0.33,(D),0.74,(D),(D)
72071290,0.33,(E),0.331,(E),(E)
72071912,0.188,(C),1.364,(C),(C)
72071912,0.065,(D),0.475,(D),(D)
72071912,0.065,(E),0.066,(E),(E)
72071919,0.453,(C),1.629,(C),(C)
72071919,0.33,(D),0.74,(D),(D)
72071919,0.33,(E),0.331,(E),(E)
72071980,0.188,(C),1.364,(C),(C)
72071980,0.065,(D),0.475,(D),(D)
72071980,0.065,(E),0.066,(E),(E)
72072011,0.188,(C),1.364,(C),(C)
72072011,0.065,(D),0.475,(D),(D)
72072011,0.065,(E),0.066,(E),(E)
72072015,0.188,(C),1.364,(C),(C)
72072015,0.065,(D),0.475,(D),(D)
72072015,0.065,(E),0.066,(E),(E)
72072017,0.188,(C),1.364,(C),(C)
72072017,0.065,(D),0.475,(D),(D)
72072017,0.065,(E),0.066,(E),(E)
72072019,0.453,(C),1.629,(C),(C)
72072019,0.33,(D),0.74,(D),(D)
72072019,0.33,(E),0.331,(E),(E)
72072032,0.188,(C),1.364,(C),(C)
72072032,0.065,(D),0.475,(D),(D)
72072032,0.065,(E),0.066,(E),(E)
72072039,0.453,(C),1.629,(C),(C)
72072039,0.33,(D),0.74,(D),(D)
72072039,0.33,(E),0.331,(E),(E)
72072052,0.188,(C),1.364,(C),(C)
72072052,0.065,(D),0.475,(D),(D)
72072052,0.065,(E),0.066,(E),(E)
72072059,0.453,(C),1.629,(C),(C)
72072059,0.33,(D),0.74,(D),(D)
72072059,0.33,(E),0.331,(E),(E)
72072080,0.188,(C),1.364,(C),(C)
72072080,0.065,(D),0.475,(D),(D)
72072080,0.065,(E),0.066,(E),(E)
72081000,0.044,,1.37,(C),(C)
72081000,,,0.481,(D),(D)
72081000,,,0.072,(E),(E)
72082500,0.044,,1.37,(C),(C)
72082500,,,0.481,(D),(D)
72082500,,,0.072,(E),(E)
72082600,0.044,,1.37,(C),(C)
72082600,,,0.481,(D),(D)
72082600,,,0.072,(E),(E)
72082700,0.044,,1.37,(C),(C)
72082700,,,0.481,(D),(D)
72082700,,,0.072,(E),(E)
72083600,0.044,,1.37,(C),(C)
72083600,,,0.481,(D),(D)
72083600,,,0.072,(E),(E)
72083700,0.044,,1.37,(C),(C)
72083700,,,0.481,(D),(D)
72083700,,,0.072,(E),(E)
72083800,0.044,,1.37,(C),(C)
72083800,,,0.481,(D),(D)
72083800,,,0.072,(E),(E)
72083900,0.044,,1.37,(C),(C)
72083900,,,0.481,(D),(D)
72083900,,,0.072,(E),(E)
72084000,0.044,,1.37,(C),(C)
72084000,,,0.481,(D),(D)
72084000,,,0.072,(E),(E)
72085120,0.044,,1.37,(C),(C)
72085120,,,0.481,(D),(D)
72085120,,,0.072,(E),(E)
72085191,0.044,,1.37,(C),(C)
72085191,,,0.481,(D),(D)
72085191,,,0.072,(E),(E)
72085198,0.044,,1.37,(C),(C)
72085198,,,0.481,(D),(D)
72085198,,,0.072,(E),(E)
72085210,0.044,,1.37,(C),(C)
72085210,,,0.481,(D),(D)
72085210,,,0.072,(E),(E)
72085291,0.044,,1.37,(C),(C)
72085291,,,0.481,(D),(D)
72085291,,,0.072,(E),(E)
72085299,0.044,,1.37,(C),(C)
72085299,,,0.481,(D),(D)
72085299,,,0.072,(E),(E)
72085310,0.044,,1.37,(C),(C)
72085310,,,0.481,(D),(D)
72085310,,,0.072,(E),(E)
72085390,0.044,,1.37,(C),(C)
72085390,,,0.481,(D),(D)
72085390,,,0.072,(E),(E)
72085400,0.044,,1.37,(C),(C)
72085400,,,0.481,(D),(D)
72085400,,,0.072,(E),(E)
72089020,0.044,,1.37,(C),(C)
72089020,,,0.481,(D),(D)
72089020,,,0.072,(E),(E)
72089080,0.044,,1.37,(C),(C)
72089080,,,0.481,(D),(D)
72089080,,,0.072,(E),(E)
72091500,0.079,,1.458,(C),(C)
72091500,,,0.533,(D),(D)
72091500,,,0.108,(E),(E)
72091610,0.079,,1.458,(C),(C)
72091610,,,0.533,(D),(D)
72091610,,,0.108,(E),(E)
72091690,0.079,,1.458,(C),(C)
72091690,,,0.533,(D),(D)
72091690,,,0.108,(E),(E)
72091710,0.079,,1.458,(C),(C)
72091710,,,0.533,(D),(D)
72091710,,,0.108,(E),(E)
72091790,0.079,,1.458,(C),(C)
72091790,,,0.533,(D),(D)
72091790,,,0.108,(E),(E)
72091810,0.079,,1.458,(C),(C)
72091810,,,0.533,(D),(D)
72091810,,,0.108,(E),(E)
72091891,0.079,,1.458,(C),(C)
72091891,,,0.533,(D),(D)
72091891,,,0.108,(E),(E)
72091899,0.079,,1.458,(C),(C)
72091899,,,0.533,(D),(D)
72091899,,,0.108,(E),(E)
72092500,0.079,,1.458,(C),(C)
72092500,,,0.533,(D),(D)
72092500,,,0.108,(E),(E)
72092610,0.079,,1.458,(C),(C)
72092610,,,0.533,(D),(D)
72092610,,,0.108,(E),(E)
72092690,0.079,,1.458,(C),(C)
72092690,,,0.533,(D),(D)
72092690,,,0.108,(E),(E)
72092710,0.079,,1.458,(C),(C)
72092710,,,0.533,(D),(D)
72092710,,,0.108,(E),(E)
72092790,0.079,,1.458,(C),(C)
72092790,,,0.533,(D),(D)
72092790,,,0.108,(E),(E)
72092810,0.079,,1.458,(C),(C)
72092810,,,0.533,(D),(D)
72092810,,,0.108,(E),(E)
72092890,0.079,,1.458,(C),(C)
72092890,,,0.533,(D),(D)
72092890,,,0.108,(E),(E)
72099020,0.079,,1.458,(C),(C)
72099020,,,0.533,(D),(D)
72099020,,,0.108,(E),(E)
72099080,0.079,,1.458,(C),(C)
72099080,,,0.533,(D),(D)
72099080,,,0.108,(E),(E)
72101100,0.112,,1.491,(C),(C)
72101100,,,0.567,(D),(D)
72101100,,,0.141,(E),(E)
72101220,0.112,,1.491,(C),(C)
72101220,,,0.567,(D),(D)
72101220,,,0.141,(E),(E)
72101280,0.112,,1.491,(C),(C)
72101280,,,0.567,(D),(D)
72101280,,,0.141,(E),(E)
72102000,0.112,,1.491,(C),(C)
72102000,,,0.567,(D),(D)
72102000,,,0.141,(E),(E)
72103000,0.112,,1.491,(C),(C)
72103000,,,0.567,(D),(D)
72103000,,,0.141,(E),(E)
72104100,0.112,,1.491,(C),(C)
72104100,,,0.567,(D),(D)
72104100,,,0.141,(E),(E)
72104900,0.112,,1.491,(C),(C)
72104900,,,0.567,(D),(D)
72104900,,,0.141,(E),(E)
72105000,0.112,,1.491,(C),(C)
72105000,,,0.567,(D),(D)
72105000,,,0.141,(E),(E)
72106100,0.112,,1.491,(C),(C)
72106100,,,0.567,(D),(D)
72106100,,,0.141,(E),(E)
72106900,0.112,,1.491,(C),(C)
72106900,,,0.567,(D),(D)
72106900,,,0.141,(E),(E)
72107010,0.112,,1.491,(C),(C)
72107010,,,0.567,(D),(D)
72107010,,,0.141,(E),(E)
72107080,0.112,,1.491,(C),(C)
72107080,,,0.567,(D),(D)
72107080,,,0.141,(E),(E)
72109030,0.112,,1.491,(C),(C)
72109030,,,0.567,(D),(D)
72109030,,,0.141,(E),(E)
72109040,0.112,,1.491,(C),(C)
72109040,,,0.567,(D),(D)
72109040,,,0.141,(E),(E)
72109080,0.112,,1.491,(C),(C)
72109080,,,0.567,(D),(D)
72109080,,,0.141,(E),(E)
72111300,0.044,,1.37,(C),(C)
72111300,,,0.481,(D),(D)
72111300,,,0.072,(E),(E)
72111400,0.044,,1.37,(C),(C)
72111400,,,0.481,(D),(D)
72111400,,,0.072,(E),(E)
72111900,0.044,,1.37,(C),(C)
72111900,,,0.481,(D),(D)
72111900,,,0.072,(E),(E)
72112320,0.079,,1.458,(C),(C)
72112320,,,0.533,(D),(D)
72112320,,,0.108,(E),(E)
72112330,0.079,,1.458,(C),(C)
72112330,,,0.533,(D),(D)
72112330,,,0.108,(E),(E)
72112380,0.079,,1.458,(C),(C)
72112380,,,0.533,(D),(D)
72112380,,,0.108,(E),(E)
72112900,0.079,,1.458,(C),(C)
72112900,,,0.533,(D),(D)
72112900,,,0.108,(E),(E)
72119020,0.079,,1.458,(C),(C)
72119020,,,0.533,(D),(D)
72119020,,,0.108,(E),(E)
72119080,0.079,,1.458,(C),(C)
72119080,,,0.533,(D),(D)
72119080,,,0.108,(E),(E)
72121010,0.112,,1.491,(C),(C)
72121010,,,0.567,(D),(D)
72121010,,,0.141,(E),(E)
72121090,0.112,,1.491,(C),(C)
72121090,,,0.567,(D),(D)
72121090,,,0.141,(E),(E)
72122000,0.112,,1.491,(C),(C)
72122000,,,0.567,(D),(D)
72122000,,,0.141,(E),(E)
72123000,0.112,,1.491,(C),(C)
72123000,,,0.567,(D),(D)
72123000,,,0.141,(E),(E)
72124020,0.112,,1.491,(C),(C)
72124020,,,0.567,(D),(D)
72124020,,,0.141,(E),(E)
72124080,0.112,,1.491,(C),(C)
72124080,,,0.567,(D),(D)
72124080,,,0.141,(E),(E)
72125020,0.112,,1.491,(C),(C)
72125020,,,0.567,(D),(D)
72125020,,,0.141,(E),(E)
72125030,0.112,,1.491,(C),(C)
72125030,,,0.567,(D),(D)
72125030,,,0.141,(E),(E)
72125040,0.112,,1.491,(C),(C)
72125040,,,0.567,(D),(D)
72125040,,,0.141,(E),(E)
72125061,0.112,,1.491,(C),(C)
72125061,,,0.567,(D),(D)
72125061,,,0.141,(E),(E)
72125069,0.112,,1.491,(C),(C)
72125069,,,0.567,(D),(D)
72125069,,,0.141,(E),(E)
72125090,0.112,,1.491,(C),(C)
72125090,,,0.567,(D),(D)
72125090,,,0.141,(E),(E)
72126000,0.112,,1.491,(C),(C)
72126000,,,0.567,(D),(D)
72126000,,,0.141,(E),(E)
72131000,0.038,,1.364,(C),(C)
72131000,,,0.475,(D),(D)
72131000,,,0.066,(E),(E)
72132000,0.038,,1.364,(C),(C)
72132000,,,0.475,(D),(D)
72132000,,,0.066,(E),(E)
72139110,0.038,,1.364,(C),(C)
72139110,,,0.475,(D),(D)
72139110,,,0.066,(E),(E)
72139120,0.038,,1.364,(C),(C)
72139120,,,0.475,(D),(D)
72139120,,,0.066,(E),(E)
72139141,0.038,,1.364,(C),(C)
72139141,,,0.475,(D),(D)
72139141,,,0.066,(E),(E)
72139149,0.038,,1.364,(C),(C)
72139149,,,0.475,(D),(D)
72139149,,,0.066,(E),(E)
72139170,0.038,,1.364,(C),(C)
72139170,,,0.475,(D),(D)
72139170,,,0.066,(E),(E)
72139190,0.038,,1.364,(C),(C)
72139190,,,0.475,(D),(D)
72139190,,,0.066,(E),(E)
72139910,0.038,,1.364,(C),(C)
72139910,,,0.475,(D),(D)
72139910,,,0.066,(E),(E)
72139990,0.038,,1.364,(C),(C)
72139990,,,0.475,(D),(D)
72139990,,,0.066,(E),(E)
72141000,0.303,,1.629,(C),(C)
72141000,,,0.74,(D),(D)
72141000,,,0.331,(E),(E)
72142000,0.038,,1.364,(C),(C)
72142000,,,0.475,(D),(D)
72142000,,,0.066,(E),(E)
72143000,0.038,,1.364,(C),(C)
72143000,,,0.475,(D),(D)
72143000,,,0.066,(E),(E)
72149110,0.038,,1.364,(C),(C)
72149110,,,0.475,(D),(D)
72149110,,,0.066,(E),(E)
72149190,0.038,,1.364,(C),(C)
72149190,,,0.475,(D),(D)
72149190,,,0.066,(E),(E)
72149910,0.038,,1.364,(C),(C)
72149910,,,0.475,(D),(D)
72149910,,,0.066,(E),(E)
72149931,0.038,,1.364,(C),(C)
72149931,,,0.475,(D),(D)
72149931,,,0.066,(E),(E)
72149939,0.038,,1.364,(C),(C)
72149939,,,0.475,(D),(D)
72149939,,,0.066,(E),(E)
72149950,0.038,,1.364,(C),(C)
72149950,,,0.475,(D),(D)
72149950,,,0.066,(E),(E)
72149971,0.038,,1.364,(C),(C)
72149971,,,0.475,(D),(D)
72149971,,,0.066,(E),(E)
72149979,0.038,,1.364,(C),(C)
72149979,,,0.475,(D),(D)
72149979,,,0.066,(E),(E)
72149995,0.038,,1.364,(C),(C)
72149995,,,0.475,(D),(D)
72149995,,,0.066,(E),(E)
72151000,0.038,,1.364,(C),(C)
72151000,,,0.475,(D),(D)
72151000,,,0.066,(E),(E)
72155011,0.038,,1.364,(C),(C)
72155011,,,0.475,(D),(D)
72155011,,,0.066,(E),(E)
72155019,0.038,,1.364,(C),(C)
72155019,,,0.475,(D),(D)
72155019,,,0.066,(E),(E)
72155080,0.038,,1.364,(C),(C)
72155080,,,0.475,(D),(D)
72155080,,,0.066,(E),(E)
72159000,0.038,,1.364,(C),(C)
72159000,,,0.475,(D),(D)
72159000,,,0.066,(E),(E)
72161000,0.038,,1.364,(C),(C)
72161000,,,0.475,(D),(D)
72161000,,,0.066,(E),(E)
72162100,0.038,,1.364,(C),(C)
72162100,,,0.475,(D),(D)
72162100,,,0.066,(E),(E)
72162200,0.038,,1.364,(C),(C)
72162200,,,0.475,(D),(D)
72162200,,,0.066,(E),(E)
72163110,0.038,,1.364,(C),(C)
72163110,,,0.475,(D),(D)
72163110,,,0.066,(E),(E)
72163190,0.038,,1.364,(C),(C)
72163190,,,0.475,(D),(D)
72163190,,,0.066,(E),(E)
72163211,0.038,,1.364,(C),(C)
72163211,,,0.475,(D),(D)
72163211,,,0.066,(E),(E)
72163219,0.038,,1.364,(C),(C)
72163219,,,0.475,(D),(D)
72163219,,,0.066,(E),(E)
72163291,0.038,,1.364,(C),(C)
72163291,,,0.475,(D),(D)
72163291,,,0.066,(E),(E)
72163299,0.038,,1.364,(C),(C)
72163299,,,0.475,(D),(D)
72163299,,,0.066,(E),(E)
72163310,0.038,,1.364,(C),(C)
72163310,,,0.475,(D),(D)
72163310,,,0.066,(E),(E)
72163390,0.038,,1.364,(C),(C)
72163390,,,0.475,(D),(D)
72163390,,,0.066,(E),(E)
72164010,0.038,,1.364,(C),(C)
72164010,,,0.475,(D),(D)
72164010,,,0.066,(E),(E)
72164090,0.038,,1.364,(C),(C)
72164090,,,0.475,(D),(D)
72164090,,,0.066,(E),(E)
72165010,0.038,,1.364,(C),(C)
72165010,,,0.475,(D),(D)
72165010,,,0.066,(E),(E)
72165091,0.038,,1.364,(C),(C)
72165091,,,0.475,(D),(D)
72165091,,,0.066,(E),(E)
72165099,0.038,,1.364,(C),(C)
72165099,,,0.475,(D),(D)
72165099,,,0.066,(E),(E)
72166110,0.038,,1.364,(C),(C)
72166110,,,0.475,(D),(D)
72166110,,,0.066,(E),(E)
72166190,0.038,,1.364,(C),(C)
72166190,,,0.475,(D),(D)
72166190,,,0.066,(E),(E)
72166900,0.038,,1.364,(C),(C)
72166900,,,0.475,(D),(D)
72166900,,,0.066,(E),(E)
72169110,0.038,,1.364,(C),(C)
72169110,,,0.475,(D),(D)
72169110,,,0.066,(E),(E)
72169180,0.038,,1.364,(C),(C)
72169180,,,0.475,(D),(D)
72169180,,,0.066,(E),(E)
72169900,0.038,,1.364,(C),(C)
72169900,,,0.475,(D),(D)
72169900,,,0.066,(E),(E)
72171010,0.038,,1.364,(C),(C)
72171010,,,0.475,(D),(D)
72171010,,,0.066,(E),(E)
72171031,0.038,,1.364,(C),(C)
72171031,,,0.475,(D),(D)
72171031,,,0.066,(E),(E)
72171039,0.038,,1.364,(C),(C)
72171039,,,0.475,(D),(D)
72171039,,,0.066,(E),(E)
72171050,0.038,,1.364,(C),(C)
72171050,,,0.475,(D),(D)
72171050,,,0.066,(E),(E)
72171090,0.038,,1.364,(C),(C)
72171090,,,0.475,(D),(D)
72171090,,,0.066,(E),(E)
72172010,0.071,,1.397,(C),(C)
72172010,,,0.508,(D),(D)
72172010,,,0.099,(E),(E)
72172030,0.071,,1.397,(C),(C)
72172030,,,0.508,(D),(D)
72172030,,,0.099,(E),(E)
72172050,0.071,,1.397,(C),(C)
72172050,,,0.508,(D),(D)
72172050,,,0.099,(E),(E)
72172090,0.071,,1.397,(C),(C)
72172090,,,0.508,(D),(D)
72172090,,,0.099,(E),(E)
72173041,0.071,,1.397,(C),(C)
72173041,,,0.508,(D),(D)
72173041,,,0.099,(E),(E)
72173049,0.071,,1.397,(C),(C)
72173049,,,0.508,(D),(D)
72173049,,,0.099,(E),(E)
72173050,0.071,,1.397,(C),(C)
72173050,,,0.508,(D),(D)
72173050,,,0.099,(E),(E)
72173090,0.071,,1.397,(C),(C)
72173090,,,0.508,(D),(D)
72173090,,,0.099,(E),(E)
72179020,0.071,,1.397,(C),(C)
72179020,,,0.508,(D),(D)
72179020,,,0.099,(E),(E)
72179050,0.071,,1.397,(C),(C)
72179050,,,0.508,(D),(D)
72179050,,,0.099,(E),(E)
72179090,0.071,,1.397,(C),(C)
72179090,,,0.508,(D),(D)
72179090,,,0.099,(E),(E)
72181000,0.358,,1.419,-1,-1
72181000,,,1.381,-2,-2
72189110,0.128,,1.189,-1,-1
72189110,,,1.151,-2,-2
72189180,0.128,,1.189,-1,-1
72189180,,,1.151,-2,-2
72189911,0.128,,1.189,-1,-1
72189911,,,1.151,-2,-2
72189919,0.358,,1.419,-1,-1
72189919,,,1.381,-2,-2
72189920,0.128,,1.189,-1,-1
72189920,,,1.151,-2,-2
72189980,0.358,,1.419,-1,-1
72189980,,,1.381,-2,-2
72191100,0.073,,1.189,-1,-1
72191100,,,1.151,-2,-2
72191210,0.073,,1.189,-1,-1
72191210,,,1.151,-2,-2
72191290,0.073,,1.189,-1,-1
72191290,,,1.151,-2,-2
72191310,0.073,,1.189,-1,-1
72191310,,,1.151,-2,-2
72191390,0.073,,1.189,-1,-1
72191390,,,1.151,-2,-2
72191410,0.073,,1.189,-1,-1
72191410,,,1.151,-2,-2
72191490,0.073,,1.189,-1,-1
72191490,,,1.151,-2,-2
72192110,0.073,,1.189,-1,-1
72192110,,,1.151,-2,-2
72192190,0.073,,1.189,-1,-1
72192190,,,1.151,-2,-2
72192210,0.073,,1.189,-1,-1
72192210,,,1.151,-2,-2
72192290,0.073,,1.189,-1,-1
72192290,,,1.151,-2,-2
72192300,0.073,,1.189,-1,-1
72192300,,,1.151,-2,-2
72192400,0.073,,1.189,-1,-1
72192400,,,1.151,-2,-2
72193100,0.109,,1.27,-1,-1
72193100,,,1.23,-2,-2
72193210,0.109,,1.27,-1,-1
72193210,,,1.23,-2,-2
72193290,0.109,,1.27,-1,-1
72193290,,,1.23,-2,-2
72193310,0.109,,1.27,-1,-1
72193310,,,1.23,-2,-2
72193390,0.109,,1.27,-1,-1
72193390,,,1.23,-2,-2
72193410,0.109,,1.27,-1,-1
72193410,,,1.23,-2,-2
72193490,0.109,,1.27,-1,-1
72193490,,,1.23,-2,-2
72193510,0.109,,1.27,-1,-1
72193510,,,1.23,-2,-2
72193590,0.109,,1.27,-1,-1
72193590,,,1.23,-2,-2
72199020,0.109,,1.27,-1,-1
72199020,,,1.23,-2,-2
72199080,0.109,,1.27,-1,-1
72199080,,,1.23,-2,-2
72201100,0.073,,1.189,-1,-1
72201100,,,1.151,-2,-2
72201200,0.073,,1.189,-1,-1
72201200,,,1.151,-2,-2
72202021,0.109,,1.27,-1,-1
72202021,,,1.23,-2,-2
72202029,0.109,,1.27,-1,-1
72202029,,,1.23,-2,-2
72202041,0.109,,1.27,-1,-1
72202041,,,1.23,-2,-2
72202049,0.109,,1.27,-1,-1
72202049,,,1.23,-2,-2
72202081,0.109,,1.27,-1,-1
72202081,,,1.23,-2,-2
72202089,0.109,,1.27,-1,-1
72202089,,,1.23,-2,-2
72209020,0.109,,1.27,-1,-1
72209020,,,1.23,-2,-2
72209080,0.109,,1.27,-1,-1
72209080,,,1.23,-2,-2
72210010,0.109,,1.225,-1,-1
72210010,,,1.187,-2,-2
72210090,0.109,,1.225,-1,-1
72210090,,,1.187,-2,-2
72221111,0.109,,1.225,-1,-1
72221111,,,1.187,-2,-2
72221119,0.109,,1.225,-1,-1
72221119,,,1.187,-2,-2
72221181,0.109,,1.225,-1,-1
72221181,,,1.187,-2,-2
72221189,0.109,,1.225,-1,-1
72221189,,,1.187,-2,-2
72221910,0.109,,1.225,-1,-1
72221910,,,1.187,-2,-2
72221990,0.109,,1.225,-1,-1
72221990,,,1.187,-2,-2
72222011,0.109,,1.225,-1,-1
72222011,,,1.187,-2,-2
72222019,0.109,,1.225,-1,-1
72222019,,,1.187,-2,-2
72222021,0.109,,1.225,-1,-1
72222021,,,1.187,-2,-2
72222029,0.109,,1.225,-1,-1
72222029,,,1.187,-2,-2
72222031,0.109,,1.225,-1,-1
72222031,,,1.187,-2,-2
72222039,0.109,,1.225,-1,-1
72222039,,,1.187,-2,-2
72222081,0.109,,1.225,-1,-1
72222081,,,1.187,-2,-2
72222089,0.109,,1.225,-1,-1
72222089,,,1.187,-2,-2
72223051,0.303,,1.419,-1,-1
72223051,,,1.381,-2,-2
72223091,0.303,,1.419,-1,-1
72223091,,,1.381,-2,-2
72223097,0.303,,1.419,-1,-1
72223097,,,1.381,-2,-2
72224010,0.109,,1.225,-1,-1
72224010,,,1.187,-2,-2
72224050,0.109,,1.225,-1,-1
72224050,,,1.187,-2,-2
72224090,0.109,,1.225,-1,-1
72224090,,,1.187,-2,-2
72230011,0.109,,1.225,-1,-1
72230011,,,1.187,-2,-2
72230019,0.109,,1.225,-1,-1
72230019,,,1.187,-2,-2
72230091,0.109,,1.225,-1,-1
72230091,,,1.187,-2,-2
72230099,0.109,,1.225,-1,-1
72230099,,,1.187,-2,-2
72241010,0.453,(F),1.807,(F)(1),(F)
72241010,0.33,(G),0.982,(G)(1),(G)
72241010,0.33,(H),0.64,(H)(1),(H)
72241010,0.358,(J),1.18,(J)(1),(J)
72241010,,,1.64,(F)(2),(F)(2)
72241010,,,0.969,(G)(2),(G)(2)
72241010,,,0.628,(H)(2),(H)(2)
72241010,,,1.148,(J)(2),(J)(2)
72241090,0.453,(F),1.807,(F)(1),(F)
72241090,0.33,(G),0.982,(G)(1),(G)
72241090,0.33,(H),0.64,(H)(1),(H)
72241090,0.358,(J),1.18,(J)(1),(J)
72241090,,,1.64,(F)(2),(F)(2)
72241090,,,0.969,(G)(2),(G)(2)
72241090,,,0.628,(H)(2),(H)(2)
72241090,,,1.148,(J)(2),(J)(2)
72249002,0.223,(F),1.577,(F)(1),(F)
72249002,0.1,(G),0.752,(G)(1),(G)
72249002,0.1,(H),0.41,(H)(1),(H)
72249002,0.128,(J),0.95,(J)(1),(J)
72249002,,,1.409,(F)(2),(F)(2)
72249002,,,0.739,(G)(2),(G)(2)
72249002,,,0.397,(H)(2),(H)(2)
72249002,,,0.918,(J)(2),(J)(2)
72249003,0.223,(F),1.577,(F)(1),(F)
72249003,0.1,(G),0.752,(G)(1),(G)
72249003,0.1,(H),0.41,(H)(1),(H)
72249003,0.128,(J),0.95,(J)(1),(J)
72249003,,,1.409,(F)(2),(F)(2)
72249003,,,0.739,(G)(2),(G)(2)
72249003,,,0.397,(H)(2),(H)(2)
72249003,,,0.918,(J)(2),(J)(2)
72249005,0.223,(F),1.577,(F)(1),(F)
72249005,0.1,(G),0.752,(G)(1),(G)
72249005,0.1,(H),0.41,(H)(1),(H)
72249005,0.128,(J),0.95,(J)(1),(J)
72249005,,,1.409,(F)(2),(F)(2)
72249005,,,0.739,(G)(2),(G)(2)
72249005,,,0.397,(H)(2),(H)(2)
72249005,,,0.918,(J)(2),(J)(2)
72249007,0.223,(F),1.577,(F)(1),(F)
72249007,0.1,(G),0.752,(G)(1),(G)
72249007,0.1,(H),0.41,(H)(1),(H)
72249007,0.128,(J),0.95,(J)(1),(J)
72249007,,,1.409,(F)(2),(F)(2)
72249007,,,0.739,(G)(2),(G)(2)
72249007,,,0.397,(H)(2),(H)(2)
72249007,,,0.918,(J)(2),(J)(2)
72249014,0.223,(F),1.577,(F)(1),(F)
72249014,0.1,(G),0.752,(G)(1),(G)
72249014,0.1,(H),0.41,(H)(1),(H)
72249014,0.128,(J),0.95,(J)(1),(J)
72249014,,,1.409,(F)(2),(F)(2)
72249014,,,0.739,(G)(2),(G)(2)
72249014,,,0.397,(H)(2),(H)(2)
72249014,,,0.918,(J)(2),(J)(2)
72249018,0.453,(F),1.807,(F)(1),(F)
72249018,0.33,(G),0.982,(G)(1),(G)
72249018,0.33,(H),0.64,(H)(1),(H)
72249018,0.358,(J),1.18,(J)(1),(J)
72249018,,,1.64,(F)(2),(F)(2)
72249018,,,0.969,(G)(2),(G)(2)
72249018,,,0.628,(H)(2),(H)(2)
72249018,,,1.148,(J)(2),(J)(2)
72249031,0.223,(F),1.577,(F)(1),(F)
72249031,0.1,(G),0.752,(G)(1),(G)
72249031,0.1,(H),0.41,(H)(1),(H)
72249031,0.128,(J),0.95,(J)(1),(J)
72249031,,,1.409,(F)(2),(F)(2)
72249031,,,0.739,(G)(2),(G)(2)
72249031,,,0.397,(H)(2),(H)(2)
72249031,,,0.918,(J)(2),(J)(2)
72249038,0.223,(F),1.577,(F)(1),(F)
72249038,0.1,(G),0.752,(G)(1),(G)
72249038,0.1,(H),0.41,(H)(1),(H)
72249038,0.128,(J),0.95,(J)(1),(J)
72249038,,,1.409,(F)(2),(F)(2)
72249038,,,0.739,(G)(2),(G)(2)
72249038,,,0.397,(H)(2),(H)(2)
72249038,,,0.918,(J)(2),(J)(2)
72249090,0.453,(F),1.807,(F)(1),(F)
72249090,0.33,(G),0.982,(G)(1),(G)
72249090,0.33,(H),0.64,(H)(1),(H)
72249090,0.358,(J),1.18,(J)(1),(J)
72249090,,,1.64,(F)(2),(F)(2)
72249090,,,0.969,(G)(2),(G)(2)
72249090,,,0.628,(H)(2),(H)(2)
72249090,,,1.148,(J)(2),(J)(2)
72251100,0.073,,1.779,(C),(C)
72251100,,,0.635,(D),(D)
72251100,,,0.109,(E),(E)
72251910,0.073,,1.399,(C),(C)
72251910,,,0.51,(D),(D)
72251910,,,0.101,(E),(E)
72251990,0.109,,1.488,(C),(C)
72251990,,,0.563,(D),(D)
72251990,,,0.138,(E),(E)
72253010,0.073,,1.577,(F)(1),(F)(1)
72253010,,,0.752,(G)(1),(G)(1)
72253010,,,0.41,(H)(1),(H)(1)
72253010,,,0.95,(J)(1),(J)(1)
72253010,,,1.409,(F)(2),(F)(2)
72253010,,,0.739,(G)(2),(G)(2)
72253010,,,0.397,(H)(2),(H)(2)
72253010,,,0.918,(J)(2),(J)(2)
72253030,0.073,,1.577,(F)(1),(F)(1)
72253030,,,0.752,(G)(1),(G)(1)
72253030,,,0.41,(H)(1),(H)(1)
72253030,,,0.95,(J)(1),(J)(1)
72253030,,,1.409,(F)(2),(F)(2)
72253030,,,0.739,(G)(2),(G)(2)
72253030,,,0.397,(H)(2),(H)(2)
72253030,,,0.918,(J)(2),(J)(2)
72253090,0.073,,1.577,(F)(1),(F)(1)
72253090,,,0.752,(G)(1),(G)(1)
72253090,,,0.41,(H)(1),(H)(1)
72253090,,,0.95,(J)(1),(J)(1)
72253090,,,1.409,(F)(2),(F)(2)
72253090,,,0.739,(G)(2),(G)(2)
72253090,,,0.397,(H)(2),(H)(2)
72253090,,,0.918,(J)(2),(J)(2)
72254012,0.073,,1.577,(F)(1),(F)(1)
72254012,,,0.752,(G)(1),(G)(1)
72254012,,,0.41,(H)(1),(H)(1)
72254012,,,0.95,(J)(1),(J)(1)
72254012,,,1.409,(F)(2),(F)(2)
72254012,,,0.739,(G)(2),(G)(2)
72254012,,,0.397,(H)(2),(H)(2)
72254012,,,0.918,(J)(2),(J)(2)
72254015,0.073,,1.577,(F)(1),(F)(1)
72254015,,,0.752,(G)(1),(G)(1)
72254015,,,0.41,(H)(1),(H)(1)
72254015,,,0.95,(J)(1),(J)(1)
72254015,,,1.409,(F)(2),(F)(2)
72254015,,,0.739,(G)(2),(G)(2)
72254015,,,0.397,(H)(2),(H)(2)
72254015,,,0.918,(J)(2),(J)(2)
72254040,0.073,,1.577,(F)(1),(F)(1)
72254040,,,0.752,(G)(1),(G)(1)
72254040,,,0.41,(H)(1),(H)(1)
72254040,,,0.95,(J)(1),(J)(1)
72254040,,,1.409,(F)(2),(F)(2)
72254040,,,0.739,(G)(2),(G)(2)
72254040,,,0.397,(H)(2),(H)(2)
72254040,,,0.918,(J)(2),(J)(2)
72254060,0.073,,1.577,(F)(1),(F)(1)
72254060,,,0.752,(G)(1),(G)(1)
72254060,,,0.41,(H)(1),(H)(1)
72254060,,,0.95,(J)(1),(J)(1)
72254060,,,1.409,(F)(2),(F)(2)
72254060,,,0.739,(G)(2),(G)(2)
72254060,,,0.397,(H)(2),(H)(2)
72254060,,,0.918,(J)(2),(J)(2)
72254090,0.073,,1.577,(F)(1),(F)(1)
72254090,,,0.752,(G)(1),(G)(1)
72254090,,,0.41,(H)(1),(H)(1)
72254090,,,0.95,(J)(1),(J)(1)
72254090,,,1.409,(F)(2),(F)(2)
72254090,,,0.739,(G)(2),(G)(2)
72254090,,,0.397,(H)(2),(H)(2)
72254090,,,0.918,(J)(2),(J)(2)
72255020,0.109,,1.673,(F)(1),(F)(1)
72255020,,,0.815,(G)(1),(G)(1)
72255020,,,0.46,(H)(1),(H)(1)
72255020,,,1.021,(J)(1),(J)(1)
72255020,,,1.499,(F)(2),(F)(2)
72255020,,,0.801,(G)(2),(G)(2)
72255020,,,0.446,(H)(2),(H)(2)
72255020,,,0.987,(J)(2),(J)(2)
72255080,0.109,,1.673,(F)(1),(F)(1)
72255080,,,0.815,(G)(1),(G)(1)
72255080,,,0.46,(H)(1),(H)(1)
72255080,,,1.021,(J)(1),(J)(1)
72255080,,,1.499,(F)(2),(F)(2)
72255080,,,0.801,(G)(2),(G)(2)
72255080,,,0.446,(H)(2),(H)(2)
72255080,,,0.987,(J)(2),(J)(2)
72259100,0.142,,1.706,(F)(1),(F)(1)
72259100,,,0.848,(G)(1),(G)(1)
72259100,,,0.493,(H)(1),(H)(1)
72259100,,,1.054,(J)(1),(J)(1)
72259100,,,1.532,(F)(2),(F)(2)
72259100,,,0.835,(G)(2),(G)(2)
72259100,,,0.48,(H)(2),(H)(2)
72259100,,,1.021,(J)(2),(J)(2)
72259200,0.142,,1.706,(F)(1),(F)(1)
72259200,,,0.848,(G)(1),(G)(1)
72259200,,,0.493,(H)(1),(H)(1)
72259200,,,1.054,(J)(1),(J)(1)
72259200,,,1.532,(F)(2),(F)(2)
72259200,,,0.835,(G)(2),(G)(2)
72259200,,,0.48,(H)(2),(H)(2)
72259200,,,1.021,(J)(2),(J)(2)
72259900,0.142,,1.706,(F)(1),(F)(1)
72259900,,,0.848,(G)(1),(G)(1)
72259900,,,0.493,(H)(1),(H)(1)
72259900,,,1.054,(J)(1),(J)(1)
72259900,,,1.532,(F)(2),(F)(2)
72259900,,,0.835,(G)(2),(G)(2)
72259900,,,0.48,(H)(2),(H)(2)
72259900,,,1.021,(J)(2),(J)(2)
72261100,0.073,,1.779,(C),(C)
72261100,,,0.635,(D),(D)
72261100,,,0.109,(E),(E)
72261910,0.073,,1.399,(C),(C)
72261910,,,0.51,(D),(D)
72261910,,,0.101,(E),(E)
72261980,0.109,,1.488,(C),(C)
72261980,,,0.563,(D),(D)
72261980,,,0.138,(E),(E)
72262000,0.073,,1.577,(F)(1),(F)(1)
72262000,,,0.752,(G)(1),(G)(1)
72262000,,,0.41,(H)(1),(H)(1)
72262000,,,0.95,(J)(1),(J)(1)
72262000,,,1.409,(F)(2),(F)(2)
72262000,,,0.739,(G)(2),(G)(2)
72262000,,,0.397,(H)(2),(H)(2)
72262000,,,0.918,(J)(2),(J)(2)
72269120,0.073,,1.577,(F)(1),(F)(1)
72269120,,,0.752,(G)(1),(G)(1)
72269120,,,0.41,(H)(1),(H)(1)
72269120,,,0.95,(J)(1),(J)(1)
72269120,,,1.409,(F)(2),(F)(2)
72269120,,,0.739,(G)(2),(G)(2)
72269120,,,0.397,(H)(2),(H)(2)
72269120,,,0.918,(J)(2),(J)(2)
72269191,0.073,,1.577,(F)(1),(F)(1)
72269191,,,0.752,(G)(1),(G)(1)
72269191,,,0.41,(H)(1),(H)(1)
72269191,,,0.95,(J)(1),(J)(1)
72269191,,,1.409,(F)(2),(F)(2)
72269191,,,0.739,(G)(2),(G)(2)
72269191,,,0.397,(H)(2),(H)(2)
72269191,,,0.918,(J)(2),(J)(2)
72269199,0.073,,1.577,(F)(1),(F)(1)
72269199,,,0.752,(G)(1),(G)(1)
72269199,,,0.41,(H)(1),(H)(1)
72269199,,,0.95,(J)(1),(J)(1)
72269199,,,1.409,(F)(2),(F)(2)
72269199,,,0.739,(G)(2),(G)(2)
72269199,,,0.397,(H)(2),(H)(2)
72269199,,,0.918,(J)(2),(J)(2)
72269200,0.109,,1.673,(F)(1),(F)(1)
72269200,,,0.815,(G)(1),(G)(1)
72269200,,,0.46,(H)(1),(H)(1)
72269200,,,1.021,(J)(1),(J)(1)
72269200,,,1.499,(F)(2),(F)(2)
72269200,,,0.801,(G)(2),(G)(2)
72269200,,,0.446,(H)(2),(H)(2)
72269200,,,0.987,(J)(2),(J)(2)
72269910,0.142,,1.706,(F)(1),(F)(1)
72269910,,,0.848,(G)(1),(G)(1)
72269910,,,0.493,(H)(1),(H)(1)
72269910,,,1.054,(J)(1),(J)(1)
72269910,,,1.532,(F)(2),(F)(2)
72269910,,,0.835,(G)(2),(G)(2)
72269910,,,0.48,(H)(2),(H)(2)
72269910,,,1.021,(J)(2),(J)(2)
72269930,0.142,,1.706,(F)(1),(F)(1)
72269930,,,0.848,(G)(1),(G)(1)
72269930,,,0.493,(H)(1),(H)(1)
72269930,,,1.054,(J)(1),(J)(1)
72269930,,,1.532,(F)(2),(F)(2)
72269930,,,0.835,(G)(2),(G)(2)
72269930,,,0.48,(H)(2),(H)(2)
72269930,,,1.021,(J)(2),(J)(2)
72269970,0.142,,1.706,(F)(1),(F)(1)
72269970,,,0.848,(G)(1),(G)(1)
72269970,,,0.493,(H)(1),(H)(1)
72269970,,,1.054,(J)(1),(J)(1)
72269970,,,1.532,(F)(2),(F)(2)
72269970,,,0.835,(G)(2),(G)(2)
72269970,,,0.48,(H)(2),(H)(2)
72269970,,,1.021,(J)(2),(J)(2)
72271000,0.109,,1.613,(F)(1),(F)(1)
72271000,,,0.788,(G)(1),(G)(1)
72271000,,,0.446,(H)(1),(H)(1)
72271000,,,0.986,(J)(1),(J)(1)
72271000,,,1.446,(F)(2),(F)(2)
72271000,,,0.775,(G)(2),(G)(2)
72271000,,,0.433,(H)(2),(H)(2)
72271000,,,0.954,(J)(2),(J)(2)
72272000,0.109,,1.613,(F)(1),(F)(1)
72272000,,,0.788,(G)(1),(G)(1)
72272000,,,0.446,(H)(1),(H)(1)
72272000,,,0.986,(J)(1),(J)(1)
72272000,,,1.446,(F)(2),(F)(2)
72272000,,,0.775,(G)(2),(G)(2)
72272000,,,0.433,(H)(2),(H)(2)
72272000,,,0.954,(J)(2),(J)(2)
72279010,0.109,,1.435,(C),(C)
72279010,,,0.546,(D),(D)
72279010,,,0.137,(E),(E)
72279050,0.109,,1.435,(C),(C)
72279050,,,0.546,(D),(D)
72279050,,,0.137,(E),(E)
72279095,0.109,,1.613,(F)(1),(F)(1)
72279095,,,0.788,(G)(1),(G)(1)
72279095,,,0.446,(H)(1),(H)(1)
72279095,,,0.986,(J)(1),(J)(1)
72279095,,,1.446,(F)(2),(F)(2)
72279095,,,0.775,(G)(2),(G)(2)
72279095,,,0.433,(H)(2),(H)(2)
72279095,,,0.954,(J)(2),(J)(2)
72281020,0.109,,1.613,(F)(1),(F)(1)
72281020,,,0.788,(G)(1),(G)(1)
72281020,,,0.446,(H)(1),(H)(1)
72281020,,,0.986,(J)(1),(J)(1)
72281020,,,1.446,(F)(2),(F)(2)
72281020,,,0.775,(G)(2),(G)(2)
72281020,,,0.433,(H)(2),(H)(2)
72281020,,,0.954,(J)(2),(J)(2)
72281050,0.303,,1.807,(F)(1),(F)(1)
72281050,,,0.982,(G)(1),(G)(1)
72281050,,,0.64,(H)(1),(H)(1)
72281050,,,1.18,(J)(1),(J)(1)
72281050,,,1.64,(F)(2),(F)(2)
72281050,,,0.969,(G)(2),(G)(2)
72281050,,,0.628,(H)(2),(H)(2)
72281050,,,1.148,(J)(2),(J)(2)
72281090,0.109,,1.613,(F)(1),(F)(1)
72281090,,,0.788,(G)(1),(G)(1)
72281090,,,0.446,(H)(1),(H)(1)
72281090,,,0.986,(J)(1),(J)(1)
72281090,,,1.446,(F)(2),(F)(2)
72281090,,,0.775,(G)(2),(G)(2)
72281090,,,0.433,(H)(2),(H)(2)
72281090,,,0.954,(J)(2),(J)(2)
72282010,0.109,,1.613,(F)(1),(F)(1)
72282010,,,0.788,(G)(1),(G)(1)
72282010,,,0.446,(H)(1),(H)(1)
72282010,,,0.986,(J)(1),(J)(1)
72282010,,,1.446,(F)(2),(F)(2)
72282010,,,0.775,(G)(2),(G)(2)
72282010,,,0.433,(H)(2),(H)(2)
72282010,,,0.954,(J)(2),(J)(2)
72282091,0.109,,1.613,(F)(1),(F)(1)
72282091,,,0.788,(G)(1),(G)(1)
72282091,,,0.446,(H)(1),(H)(1)
72282091,,,0.986,(J)(1),(J)(1)
72282091,,,1.446,(F)(2),(F)(2)
72282091,,,0.775,(G)(2),(G)(2)
72282091,,,0.433,(H)(2),(H)(2)
72282091,,,0.954,(J)(2),(J)(2)
72282099,0.109,,1.613,(F)(1),(F)(1)
72282099,,,0.788,(G)(1),(G)(1)
72282099,,,0.446,(H)(1),(H)(1)
72282099,,,0.986,(J)(1),(J)(1)
72282099,,,1.446,(F)(2),(F)(2)
72282099,,,0.775,(G)(2),(G)(2)
72282099,,,0.433,(H)(2),(H)(2)
72282099,,,0.954,(J)(2),(J)(2)
72283020,0.109,,1.613,(F)(1),(F)(1)
72283020,,,0.788,(G)(1),(G)(1)
72283020,,,0.446,(H)(1),(H)(1)
72283020,,,0.986,(J)(1),(J)(1)
72283020,,,1.446,(F)(2),(F)(2)
72283020,,,0.775,(G)(2),(G)(2)
72283020,,,0.433,(H)(2),(H)(2)
72283020,,,0.954,(J)(2),(J)(2)
72283041,0.109,,1.435,(C),(C)
72283041,,,0.546,(D),(D)
72283041,,,0.137,(E),(E)
72283049,0.109,,1.435,(C),(C)
72283049,,,0.546,(D),(D)
72283049,,,0.137,(E),(E)
72283061,0.109,,1.613,(F)(1),(F)(1)
72283061,,,0.788,(G)(1),(G)(1)
72283061,,,0.446,(H)(1),(H)(1)
72283061,,,0.986,(J)(1),(J)(1)
72283061,,,1.446,(F)(2),(F)(2)
72283061,,,0.775,(G)(2),(G)(2)
72283061,,,0.433,(H)(2),(H)(2)
72283061,,,0.954,(J)(2),(J)(2)
72283069,0.109,,1.613,(F)(1),(F)(1)
72283069,,,0.788,(G)(1),(G)(1)
72283069,,,0.446,(H)(1),(H)(1)
72283069,,,0.986,(J)(1),(J)(1)
72283069,,,1.446,(F)(2),(F)(2)
72283069,,,0.775,(G)(2),(G)(2)
72283069,,,0.433,(H)(2),(H)(2)
72283069,,,0.954,(J)(2),(J)(2)
72283070,0.109,,1.613,(F)(1),(F)(1)
72283070,,,0.788,(G)(1),(G)(1)
72283070,,,0.446,(H)(1),(H)(1)
72283070,,,0.986,(J)(1),(J)(1)
72283070,,,1.446,(F)(2),(F)(2)
72283070,,,0.775,(G)(2),(G)(2)
72283070,,,0.433,(H)(2),(H)(2)
72283070,,,0.954,(J)(2),(J)(2)
72283089,0.109,,1.613,(F)(1),(F)(1)
72283089,,,0.788,(G)(1),(G)(1)
72283089,,,0.446,(H)(1),(H)(1)
72283089,,,0.986,(J)(1),(J)(1)
72283089,,,1.446,(F)(2),(F)(2)
72283089,,,0.775,(G)(2),(G)(2)
72283089,,,0.433,(H)(2),(H)(2)
72283089,,,0.954,(J)(2),(J)(2)
72284010,0.303,,1.807,(F)(1),(F)(1)
72284010,,,0.982,(G)(1),(G)(1)
72284010,,,0.64,(H)(1),(H)(1)
72284010,,,1.18,(J)(1),(J)(1)
72284010,,,1.64,(F)(2),(F)(2)
72284010,,,0.969,(G)(2),(G)(2)
72284010,,,0.628,(H)(2),(H)(2)
72284010,,,1.148,(J)(2),(J)(2)
72284090,0.303,,1.807,(F)(1),(F)(1)
72284090,,,0.982,(G)(1),(G)(1)
72284090,,,0.64,(H)(1),(H)(1)
72284090,,,1.18,(J)(1),(J)(1)
72284090,,,1.64,(F)(2),(F)(2)
72284090,,,0.969,(G)(2),(G)(2)
72284090,,,0.628,(H)(2),(H)(2)
72284090,,,1.148,(J)(2),(J)(2)
72285020,0.109,,1.613,(F)(1),(F)(1)
72285020,,,0.788,(G)(1),(G)(1)
72285020,,,0.446,(H)(1),(H)(1)
72285020,,,0.986,(J)(1),(J)(1)
72285020,,,1.446,(F)(2),(F)(2)
72285020,,,0.775,(G)(2),(G)(2)
72285020,,,0.433,(H)(2),(H)(2)
72285020,,,0.954,(J)(2),(J)(2)
72285040,0.109,,1.435,(C),(C)
72285040,,,0.546,(D),(D)
72285040,,,0.137,(E),(E)
72285061,0.109,,1.613,(F)(1),(F)(1)
72285061,,,0.788,(G)(1),(G)(1)
72285061,,,0.446,(H)(1),(H)(1)
72285061,,,0.986,(J)(1),(J)(1)
72285061,,,1.446,(F)(2),(F)(2)
72285061,,,0.775,(G)(2),(G)(2)
72285061,,,0.433,(H)(2),(H)(2)
72285061,,,0.954,(J)(2),(J)(2)
72285069,0.109,,1.613,(F)(1),(F)(1)
72285069,,,0.788,(G)(1),(G)(1)
72285069,,,0.446,(H)(1),(H)(1)
72285069,,,0.986,(J)(1),(J)(1)
72285069,,,1.446,(F)(2),(F)(2)
72285069,,,0.775,(G)(2),(G)(2)
72285069,,,0.433,(H)(2),(H)(2)
72285069,,,0.954,(J)(2),(J)(2)
72285080,0.109,,1.613,(F)(1),(F)(1)
72285080,,,0.788,(G)(1),(G)(1)
72285080,,,0.446,(H)(1),(H)(1)
72285080,,,0.986,(J)(1),(J)(1)
72285080,,,1.446,(F)(2),(F)(2)
72285080,,,0.775,(G)(2),(G)(2)
72285080,,,0.433,(H)(2),(H)(2)
72285080,,,0.954,(J)(2),(J)(2)
72286020,0.109,,1.613,(F)(1),(F)(1)
72286020,,,0.788,(G)(1),(G)(1)
72286020,,,0.446,(H)(1),(H)(1)
72286020,,,0.986,(J)(1),(J)(1)
72286020,,,1.446,(F)(2),(F)(2)
72286020,,,0.775,(G)(2),(G)(2)
72286020,,,0.433,(H)(2),(H)(2)
72286020,,,0.954,(J)(2),(J)(2)
72286080,0.109,,1.613,(F)(1),(F)(1)
72286080,,,0.788,(G)(1),(G)(1)
72286080,,,0.446,(H)(1),(H)(1)
72286080,,,0.986,(J)(1),(J)(1)
72286080,,,1.446,(F)(2),(F)(2)
72286080,,,0.775,(G)(2),(G)(2)
72286080,,,0.433,(H)(2),(H)(2)
72286080,,,0.954,(J)(2),(J)(2)
72287010,0.109,,1.613,(F)(1),(F)(1)
72287010,,,0.788,(G)(1),(G)(1)
72287010,,,0.446,(H)(1),(H)(1)
72287010,,,0.986,(J)(1),(J)(1)
72287010,,,1.446,(F)(2),(F)(2)
72287010,,,0.775,(G)(2),(G)(2)
72287010,,,0.433,(H)(2),(H)(2)
72287010,,,0.954,(J)(2),(J)(2)
72287090,0.109,,1.613,(F)(1),(F)(1)
72287090,,,0.788,(G)(1),(G)(1)
72287090,,,0.446,(H)(1),(H)(1)
72287090,,,0.986,(J)(1),(J)(1)
72287090,,,1.446,(F)(2),(F)(2)
72287090,,,0.775,(G)(2),(G)(2)
72287090,,,0.433,(H)(2),(H)(2)
72287090,,,0.954,(J)(2),(J)(2)
72288000,0.109,,1.613,(F)(1),(F)(1)
72288000,,,0.788,(G)(1),(G)(1)
72288000,,,0.446,(H)(1),(H)(1)
72288000,,,0.986,(J)(1),(J)(1)
72288000,,,1.446,(F)(2),(F)(2)
72288000,,,0.775,(G)(2),(G)(2)
72288000,,,0.433,(H)(2),(H)(2)
72288000,,,0.954,(J)(2),(J)(2)
72292000,0.109,,1.613,(F)(1),(F)(1)
72292000,,,0.788,(G)(1),(G)(1)
72292000,,,0.446,(H)(1),(H)(1)
72292000,,,0.986,(J)(1),(J)(1)
72292000,,,1.446,(F)(2),(F)(2)
72292000,,,0.775,(G)(2),(G)(2)
72292000,,,0.433,(H)(2),(H)(2)
72292000,,,0.954,(J)(2),(J)(2)
72299020,0.109,,1.613,(F)(1),(F)(1)
72299020,,,0.788,(G)(1),(G)(1)
72299020,,,0.446,(H)(1),(H)(1)
72299020,,,0.986,(J)(1),(J)(1)
72299020,,,1.446,(F)(2),(F)(2)
72299020,,,0.775,(G)(2),(G)(2)
72299020,,,0.433,(H)(2),(H)(2)
72299020,,,0.954,(J)(2),(J)(2)
72299050,0.109,,1.435,(C),(C)
72299050,,,0.546,(D),(D)
72299050,,,0.137,(E),(E)
72299090,0.109,,1.613,(F)(1),(F)(1)
72299090,,,0.788,(G)(1),(G)(1)
72299090,,,0.446,(H)(1),(H)(1)
72299090,,,0.986,(J)(1),(J)(1)
72299090,,,1.446,(F)(2),(F)(2)
72299090,,,0.775,(G)(2),(G)(2)
72299090,,,0.433,(H)(2),(H)(2)
72299090,,,0.954,(J)(2),(J)(2)
73011000,0.079,,1.458,(C),(C)
73011000,,,0.533,(D),(D)
73011000,,,0.108,(E),(E)
73012000,0.079,,1.458,(C),(C)
73012000,,,0.533,(D),(D)
73012000,,,0.108,(E),(E)
73021010,0.057,,1.383,(C),(C)
73021010,,,0.494,(D),(D)
73021010,,,0.085,(E),(E)
73021022,0.057,,1.383,(C),(C)
73021022,,,0.494,(D),(D)
73021022,,,0.085,(E),(E)
73021028,0.057,,1.383,(C),(C)
73021028,,,0.494,(D),(D)
73021028,,,0.085,(E),(E)
73021040,0.057,,1.383,(C),(C)
73021040,,,0.494,(D),(D)
73021040,,,0.085,(E),(E)
73021050,0.057,,1.383,(C),(C)
73021050,,,0.494,(D),(D)
73021050,,,0.085,(E),(E)
73021090,0.057,,1.383,(C),(C)
73021090,,,0.494,(D),(D)
73021090,,,0.085,(E),(E)
73023000,0.057,,1.383,(C),(C)
73023000,,,0.494,(D),(D)
73023000,,,0.085,(E),(E)
73024000,0.057,,1.383,(C),(C)
73024000,,,0.494,(D),(D)
73024000,,,0.085,(E),(E)
73029000,0.057,,1.383,(C),(C)
73029000,,,0.494,(D),(D)
73029000,,,0.085,(E),(E)
73030010,0.163,,1.484,,
73030090,0.163,,1.484,,
73041100,0.057,,1.173,-1,-1
73041100,,,1.135,-2,-2
73041910,0.057,,1.383,(C),(C)
73041910,,,0.494,(D),(D)
73041910,,,0.085,(E),(E)
73041930,0.057,,1.383,(C),(C)
73041930,,,0.494,(D),(D)
73041930,,,0.085,(E),(E)
73041990,0.057,,1.383,(C),(C)
73041990,,,0.494,(D),(D)
73041990,,,0.085,(E),(E)
73042200,0.057,,1.173,-1,-1
73042200,,,1.135,-2,-2
73042300,0.057,,1.383,(C),(C)
73042300,,,0.494,(D),(D)
73042300,,,0.085,(E),(E)
73042400,0.057,,1.173,-1,-1
73042400,,,1.135,-2,-2
73042910,0.057,,1.383,(C),(C)
73042910,,,0.494,(D),(D)
73042910,,,0.085,(E),(E)
73042930,0.057,,1.383,(C),(C)
73042930,,,0.494,(D),(D)
73042930,,,0.085,(E),(E)
73042990,0.057,,1.383,(C),(C)
73042990,,,0.494,(D),(D)
73042990,,,0.085,(E),(E)
73043120,0.057,,1.383,(C),(C)
73043120,,,0.494,(D),(D)
73043120,,,0.085,(E),(E)
73043180,0.057,,1.383,(C),(C)
73043180,,,0.494,(D),(D)
73043180,,,0.085,(E),(E)
73043950,0.057,,1.383,(C),(C)
73043950,,,0.494,(D),(D)
73043950,,,0.085,(E),(E)
73043982,0.057,,1.383,(C),(C)
73043982,,,0.494,(D),(D)
73043982,,,0.085,(E),(E)
73043983,0.057,,1.383,(C),(C)
73043983,,,0.494,(D),(D)
73043983,,,0.085,(E),(E)
73043988,0.057,,1.383,(C),(C)
73043988,,,0.494,(D),(D)
73043988,,,0.085,(E),(E)
73044100,0.057,,1.173,-1,-1
73044100,,,1.135,-2,-2
73044983,0.057,,1.173,-1,-1
73044983,,,1.135,-2,-2
73044985,0.057,,1.173,-1,-1
73044985,,,1.135,-2,-2
73044989,0.057,,1.173,-1,-1
73044989,,,1.135,-2,-2
73045110,0.057,,1.561,(F)(1),(F)(1)
73045110,,,0.736,(G)(1),(G)(1)
73045110,,,0.394,(H)(1),(H)(1)
73045110,,,0.934,(J)(1),(J)(1)
73045110,,,1.394,(F)(2),(F)(2)
73045110,,,0.723,(G)(2),(G)(2)
73045110,,,0.381,(H)(2),(H)(2)
73045110,,,0.902,(J)(2),(J)(2)
73045181,0.057,,1.561,(F)(1),(F)(1)
73045181,,,0.736,(G)(1),(G)(1)
73045181,,,0.394,(H)(1),(H)(1)
73045181,,,0.934,(J)(1),(J)(1)
73045181,,,1.394,(F)(2),(F)(2)
73045181,,,0.723,(G)(2),(G)(2)
73045181,,,0.381,(H)(2),(H)(2)
73045181,,,0.902,(J)(2),(J)(2)
73045189,0.057,,1.561,(F)(1),(F)(1)
73045189,,,0.736,(G)(1),(G)(1)
73045189,,,0.394,(H)(1),(H)(1)
73045189,,,0.934,(J)(1),(J)(1)
73045189,,,1.394,(F)(2),(F)(2)
73045189,,,0.723,(G)(2),(G)(2)
73045189,,,0.381,(H)(2),(H)(2)
73045189,,,0.902,(J)(2),(J)(2)
73045930,0.057,,1.383,(C),(C)
73045930,,,0.494,(D),(D)
73045930,,,0.085,(E),(E)
73045982,0.057,,1.561,(F)(1),(F)(1)
73045982,,,0.736,(G)(1),(G)(1)
73045982,,,0.394,(H)(1),(H)(1)
73045982,,,0.934,(J)(1),(J)(1)
73045982,,,1.394,(F)(2),(F)(2)
73045982,,,0.723,(G)(2),(G)(2)
73045982,,,0.381,(H)(2),(H)(2)
73045982,,,0.902,(J)(2),(J)(2)
73045983,0.057,,1.561,(F)(1),(F)(1)
73045983,,,0.736,(G)(1),(G)(1)
73045983,,,0.394,(H)(1),(H)(1)
73045983,,,0.934,(J)(1),(J)(1)
73045983,,,1.394,(F)(2),(F)(2)
73045983,,,0.723,(G)(2),(G)(2)
73045983,,,0.381,(H)(2),(H)(2)
73045983,,,0.902,(J)(2),(J)(2)
73045989,0.057,,1.561,(F)(1),(F)(1)
73045989,,,0.736,(G)(1),(G)(1)
73045989,,,0.394,(H)(1),(H)(1)
73045989,,,0.934,(J)(1),(J)(1)
73045989,,,1.394,(F)(2),(F)(2)
73045989,,,0.723,(G)(2),(G)(2)
73045989,,,0.381,(H)(2),(H)(2)
73045989,,,0.902,(J)(2),(J)(2)
73049000,0.057,,1.383,(C),(C)
73049000,,,0.494,(D),(D)
73049000,,,0.085,(E),(E)
73051100,0.079,,1.458,(C),(C)
73051100,,,0.533,(D),(D)
73051100,,,0.108,(E),(E)
73051200,0.079,,1.458,(C),(C)
73051200,,,0.533,(D),(D)
73051200,,,0.108,(E),(E)
73051900,0.079,,1.458,(C),(C)
73051900,,,0.533,(D),(D)
73051900,,,0.108,(E),(E)
73052000,0.079,,1.458,(C),(C)
73052000,,,0.533,(D),(D)
73052000,,,0.108,(E),(E)
73053100,0.079,,1.458,(C),(C)
73053100,,,0.533,(D),(D)
73053100,,,0.108,(E),(E)
73053900,0.079,,1.458,(C),(C)
73053900,,,0.533,(D),(D)
73053900,,,0.108,(E),(E)
73059000,0.079,,1.458,(C),(C)
73059000,,,0.533,(D),(D)
73059000,,,0.108,(E),(E)
73061100,0.109,,1.27,-1,-1
73061100,,,1.23,-2,-2
73061900,0.079,,1.458,(C),(C)
73061900,,,0.533,(D),(D)
73061900,,,0.108,(E),(E)
73062100,0.109,,1.27,-1,-1
73062100,,,1.23,-2,-2
73062900,0.079,,1.458,(C),(C)
73062900,,,0.533,(D),(D)
73062900,,,0.108,(E),(E)
73063012,0.079,,1.458,(C),(C)
73063012,,,0.533,(D),(D)
73063012,,,0.108,(E),(E)
73063018,0.044,,1.37,(C),(C)
73063018,,,0.481,(D),(D)
73063018,,,0.072,(E),(E)
73063041,0.112,,1.491,(C),(C)
73063041,,,0.567,(D),(D)
73063041,,,0.141,(E),(E)
73063049,0.112,,1.491,(C),(C)
73063049,,,0.567,(D),(D)
73063049,,,0.141,(E),(E)
73063072,0.112,,1.491,(C),(C)
73063072,,,0.567,(D),(D)
73063072,,,0.141,(E),(E)
73063077,0.112,,1.491,(C),(C)
73063077,,,0.567,(D),(D)
73063077,,,0.141,(E),(E)
73063080,0.112,,1.491,(C),(C)
73063080,,,0.567,(D),(D)
73063080,,,0.141,(E),(E)
73064020,0.109,,1.27,-1,-1
73064020,,,1.23,-2,-2
73064080,0.073,,1.189,-1,-1
73064080,,,1.151,-2,-2
73065021,0.109,,1.673,(F)(1),(F)(1)
73065021,,,0.815,(G)(1),(G)(1)
73065021,,,0.46,(H)(1),(H)(1)
73065021,,,1.021,(J)(1),(J)(1)
73065021,,,1.499,(F)(2),(F)(2)
73065021,,,0.801,(G)(2),(G)(2)
73065021,,,0.446,(H)(2),(H)(2)
73065021,,,0.987,(J)(2),(J)(2)
73065029,0.073,,1.577,(F)(1),(F)(1)
73065029,,,0.752,(G)(1),(G)(1)
73065029,,,0.41,(H)(1),(H)(1)
73065029,,,0.95,(J)(1),(J)(1)
73065029,,,1.409,(F)(2),(F)(2)
73065029,,,0.739,(G)(2),(G)(2)
73065029,,,0.397,(H)(2),(H)(2)
73065029,,,0.918,(J)(2),(J)(2)
73065080,0.109,,1.673,(F)(1),(F)(1)
73065080,,,0.815,(G)(1),(G)(1)
73065080,,,0.46,(H)(1),(H)(1)
73065080,,,1.021,(J)(1),(J)(1)
73065080,,,1.499,(F)(2),(F)(2)
73065080,,,0.801,(G)(2),(G)(2)
73065080,,,0.446,(H)(2),(H)(2)
73065080,,,0.987,(J)(2),(J)(2)
73066110,0.109,,1.27,-1,-1
73066110,,,1.23,-2,-2
73066192,0.112,,1.491,(C),(C)
73066192,,,0.567,(D),(D)
73066192,,,0.141,(E),(E)
73066199,0.112,,1.491,(C),(C)
73066199,,,0.567,(D),(D)
73066199,,,0.141,(E),(E)
73066910,0.109,,1.27,-1,-1
73066910,,,1.23,-2,-2
73066990,0.112,,1.491,(C),(C)
73066990,,,0.567,(D),(D)
73066990,,,0.141,(E),(E)
73069000,0.112,,1.491,(C),(C)
73069000,,,0.567,(D),(D)
73069000,,,0.141,(E),(E)
73071110,0.163,,1.409,,
73071190,0.163,,1.409,,
73071910,0.163,,1.409,,
73071990,0.303,,1.629,(C),(C)
73071990,,,0.74,(D),(D)
73071990,,,0.331,(E),(E)
73072100,0.057,,1.173,-1,-1
73072100,,,1.135,-2,-2
73072210,0.057,,1.173,-1,-1
73072210,,,1.135,-2,-2
73072290,0.057,,1.173,-1,-1
73072290,,,1.135,-2,-2
73072310,0.057,,1.173,-1,-1
73072310,,,1.135,-2,-2
73072390,0.057,,1.173,-1,-1
73072390,,,1.135,-2,-2
73072910,0.057,,1.173,-1,-1
73072910,,,1.135,-2,-2
73072980,0.057,,1.173,-1,-1
73072980,,,1.135,-2,-2
73079100,0.057,,1.383,(C),(C)
73079100,,,0.494,(D),(D)
73079100,,,0.085,(E),(E)
73079210,0.057,,1.383,(C),(C)
73079210,,,0.494,(D),(D)
73079210,,,0.085,(E),(E)
73079290,0.057,,1.383,(C),(C)
73079290,,,0.494,(D),(D)
73079290,,,0.085,(E),(E)
73079311,0.057,,1.383,(C),(C)
73079311,,,0.494,(D),(D)
73079311,,,0.085,(E),(E)
73079319,0.057,,1.383,(C),(C)
73079319,,,0.494,(D),(D)
73079319,,,0.085,(E),(E)
73079391,0.057,,1.383,(C),(C)
73079391,,,0.494,(D),(D)
73079391,,,0.085,(E),(E)
73079399,0.057,,1.383,(C),(C)
73079399,,,0.494,(D),(D)
73079399,,,0.085,(E),(E)
73079910,0.057,,1.383,(C),(C)
73079910,,,0.494,(D),(D)
73079910,,,0.085,(E),(E)
73079980,0.057,,1.383,(C),(C)
73079980,,,0.494,(D),(D)
73079980,,,0.085,(E),(E)
73081000,0.112,,1.491,(C),(C)
73081000,,,0.567,(D),(D)
73081000,,,0.141,(E),(E)
73082000,0.112,,1.491,(C),(C)
73082000,,,0.567,(D),(D)
73082000,,,0.141,(E),(E)
73083000,0.112,,1.491,(C),(C)
73083000,,,0.567,(D),(D)
73083000,,,0.141,(E),(E)
73084000,0.112,,1.491,(C),(C)
73084000,,,0.567,(D),(D)
73084000,,,0.141,(E),(E)
73089051,0.112,,1.491,(C),(C)
73089051,,,0.567,(D),(D)
73089051,,,0.141,(E),(E)
73089059,0.112,,1.491,(C),(C)
73089059,,,0.567,(D),(D)
73089059,,,0.141,(E),(E)
73089098,0.112,,1.491,(C),(C)
73089098,,,0.567,(D),(D)
73089098,,,0.141,(E),(E)
73090010,0.112,,1.491,(C),(C)
73090010,,,0.567,(D),(D)
73090010,,,0.141,(E),(E)
73090030,0.112,,1.491,(C),(C)
73090030,,,0.567,(D),(D)
73090030,,,0.141,(E),(E)
73090051,0.112,,1.491,(C),(C)
73090051,,,0.567,(D),(D)
73090051,,,0.141,(E),(E)
73090059,0.112,,1.491,(C),(C)
73090059,,,0.567,(D),(D)
73090059,,,0.141,(E),(E)
73090090,0.112,,1.491,(C),(C)
73090090,,,0.567,(D),(D)
73090090,,,0.141,(E),(E)
73101000,0.112,,1.491,(C),(C)
73101000,,,0.567,(D),(D)
73101000,,,0.141,(E),(E)
73102111,0.112,,1.491,(C),(C)
73102111,,,0.567,(D),(D)
73102111,,,0.141,(E),(E)
73102119,0.112,,1.491,(C),(C)
73102119,,,0.567,(D),(D)
73102119,,,0.141,(E),(E)
73102191,0.112,,1.491,(C),(C)
73102191,,,0.567,(D),(D)
73102191,,,0.141,(E),(E)
73102199,0.112,,1.491,(C),(C)
73102199,,,0.567,(D),(D)
73102199,,,0.141,(E),(E)
73102910,0.112,,1.491,(C),(C)
73102910,,,0.567,(D),(D)
73102910,,,0.141,(E),(E)
73102990,0.112,,1.491,(C),(C)
73102990,,,0.567,(D),(D)
73102990,,,0.141,(E),(E)
73110011,0.038,,1.364,(C),(C)
73110011,,,0.475,(D),(D)
73110011,,,0.066,(E),(E)
73110013,0.038,,1.364,(C),(C)
73110013,,,0.475,(D),(D)
73110013,,,0.066,(E),(E)
73110019,0.038,,1.364,(C),(C)
73110019,,,0.475,(D),(D)
73110019,,,0.066,(E),(E)
73110030,0.038,,1.364,(C),(C)
73110030,,,0.475,(D),(D)
73110030,,,0.066,(E),(E)
73110091,0.038,,1.364,(C),(C)
73110091,,,0.475,(D),(D)
73110091,,,0.066,(E),(E)
73110099,0.038,,1.364,(C),(C)
73110099,,,0.475,(D),(D)
73110099,,,0.066,(E),(E)
73181100,0.038,,1.364,(C),(C)
73181100,,,0.475,(D),(D)
73181100,,,0.066,(E),(E)
73181210,0.038,,1.154,-1,-1
73181210,,,1.116,-2,-2
73181290,0.038,,1.364,(C),(C)
73181290,,,0.475,(D),(D)
73181290,,,0.066,(E),(E)
73181300,0.038,,1.364,(C),(C)
73181300,,,0.475,(D),(D)
73181300,,,0.066,(E),(E)
73181410,0.038,,1.154,-1,-1
73181410,,,1.116,-2,-2
73181491,0.038,,1.364,(C),(C)
73181491,,,0.475,(D),(D)
73181491,,,0.066,(E),(E)
73181499,0.038,,1.364,(C),(C)
73181499,,,0.475,(D),(D)
73181499,,,0.066,(E),(E)
73181520,0.038,,1.364,(C),(C)
73181520,,,0.475,(D),(D)
73181520,,,0.066,(E),(E)
73181535,0.038,,1.154,-1,-1
73181535,,,1.116,-2,-2
73181542,0.038,,1.364,(C),(C)
73181542,,,0.475,(D),(D)
73181542,,,0.066,(E),(E)
73181548,0.038,,1.364,(C),(C)
73181548,,,0.475,(D),(D)
73181548,,,0.066,(E),(E)
73181552,0.038,,1.154,-1,-1
73181552,,,1.116,-2,-2
73181558,0.038,,1.364,(C),(C)
73181558,,,0.475,(D),(D)
73181558,,,0.066,(E),(E)
73181562,0.038,,1.154,-1,-1
73181562,,,1.116,-2,-2
73181568,0.038,,1.364,(C),(C)
73181568,,,0.475,(D),(D)
73181568,,,0.066,(E),(E)
73181575,0.038,,1.154,-1,-1
73181575,,,1.116,-2,-2
73181582,0.038,,1.364,(C),(C)
73181582,,,0.475,(D),(D)
73181582,,,0.066,(E),(E)
73181588,0.038,,1.364,(C),(C)
73181588,,,0.475,(D),(D)
73181588,,,0.066,(E),(E)
73181595,0.038,,1.364,(C),(C)
73181595,,,0.475,(D),(D)
73181595,,,0.066,(E),(E)
73181631,0.038,,1.154,-1,-1
73181631,,,1.116,-2,-2
73181639,0.038,,1.154,-1,-1
73181639,,,1.116,-2,-2
73181640,0.038,,1.364,(C),(C)
73181640,,,0.475,(D),(D)
73181640,,,0.066,(E),(E)
73181660,0.038,,1.364,(C),(C)
73181660,,,0.475,(D),(D)
73181660,,,0.066,(E),(E)
73181692,0.038,,1.364,(C),(C)
73181692,,,0.475,(D),(D)
73181692,,,0.066,(E),(E)
73181699,0.038,,1.364,(C),(C)
73181699,,,0.475,(D),(D)
73181699,,,0.066,(E),(E)
73181900,0.038,,1.364,(C),(C)
73181900,,,0.475,(D),(D)
73181900,,,0.066,(E),(E)
73182100,0.038,,1.364,(C),(C)
73182100,,,0.475,(D),(D)
73182100,,,0.066,(E),(E)
73182200,0.038,,1.364,(C),(C)
73182200,,,0.475,(D),(D)
73182200,,,0.066,(E),(E)
73182300,0.038,,1.364,(C),(C)
73182300,,,0.475,(D),(D)
73182300,,,0.066,(E),(E)
73182400,0.038,,1.364,(C),(C)
73182400,,,0.475,(D),(D)
73182400,,,0.066,(E),(E)
73182900,0.038,,1.364,(C),(C)
73182900,,,0.475,(D),(D)
73182900,,,0.066,(E),(E)
73261100,0.303,,1.629,(C),(C)
73261100,,,0.74,(D),(D)
73261100,,,0.331,(E),(E)
73261910,0.303,,1.629,(C),(C)
73261910,,,0.74,(D),(D)
73261910,,,0.331,(E),(E)
73261990,0.303,,1.629,(C),(C)
73261990,,,0.74,(D),(D)
73261990,,,0.331,(E),(E)
73262000,0.071,,1.397,(C),(C)
73262000,,,0.508,(D),(D)
73262000,,,0.099,(E),(E)
73269030,0.038,,1.364,(C),(C)
73269030,,,0.475,(D),(D)
73269030,,,0.066,(E),(E)
73269040,0.038,,1.364,(C),(C)
73269040,,,0.475,(D),(D)
73269040,,,0.066,(E),(E)
73269050,0.038,,1.364,(C),(C)
73269050,,,0.475,(D),(D)
73269050,,,0.066,(E),(E)
73269060,0.038,,1.364,(C),(C)
73269060,,,0.475,(D),(D)
73269060,,,0.066,(E),(E)
73269092,0.303,,1.629,(C),(C)
73269092,,,0.74,(D),(D)
73269092,,,0.331,(E),(E)
73269094,0.303,,1.629,(C),(C)
73269094,,,0.74,(D),(D)
73269094,,,0.331,(E),(E)
73269096,0.303,,1.629,(C),(C)
73269096,,,0.74,(D),(D)
73269096,,,0.331,(E),(E)
73269098,0.112,,1.491,(C),(C)
73269098,,,0.567,(D),(D)
73269098,,,0.141,(E),(E)
